{"Version":1,"ManifestType":"Publish","Endpoints":[{"Route":"uploads/categories/12f8ca0b-a429-44d7-a7f9-5d3416e28194.7ubbhwbkm2.jpg","AssetFile":"uploads/categories/12f8ca0b-a429-44d7-a7f9-5d3416e28194.jpg","Selectors":[],"ResponseHeaders":[{"Name":"Cache-Control","Value":"max-age=31536000, immutable"},{"Name":"Content-Length","Value":"372093"},{"Name":"Content-Type","Value":"image/jpeg"},{"Name":"ETag","Value":"\"UQ7v0pQ7LJfgETMEC7BkF6LTlrFHCUPo+NqsQ2/L3P4=\""},{"Name":"Last-Modified","Value":"Mon, 02 Feb 2026 03:33:33 GMT"}],"EndpointProperties":[{"Name":"fingerprint","Value":"7ubbhwbkm2"},{"Name":"integrity","Value":"sha256-UQ7v0pQ7LJfgETMEC7BkF6LTlrFHCUPo+NqsQ2/L3P4="},{"Name":"label","Value":"uploads/categories/12f8ca0b-a429-44d7-a7f9-5d3416e28194.jpg"}]},{"Route":"uploads/categories/12f8ca0b-a429-44d7-a7f9-5d3416e28194.jpg","AssetFile":"uploads/categories/12f8ca0b-a429-44d7-a7f9-5d3416e28194.jpg","Selectors":[],"ResponseHeaders":[{"Name":"Cache-Control","Value":"max-age=3600, must-revalidate"},{"Name":"Content-Length","Value":"372093"},{"Name":"Content-Type","Value":"image/jpeg"},{"Name":"ETag","Value":"\"UQ7v0pQ7LJfgETMEC7BkF6LTlrFHCUPo+NqsQ2/L3P4=\""},{"Name":"Last-Modified","Value":"Mon, 02 Feb 2026 03:33:33 GMT"}],"EndpointProperties":[{"Name":"integrity","Value":"sha256-UQ7v0pQ7LJfgETMEC7BkF6LTlrFHCUPo+NqsQ2/L3P4="}]},{"Route":"uploads/categories/399e4b61-a22e-41ba-9679-ca709346995e.jpg","AssetFile":"uploads/categories/399e4b61-a22e-41ba-9679-ca709346995e.jpg","Selectors":[],"ResponseHeaders":[{"Name":"Cache-Control","Value":"max-age=3600, must-revalidate"},{"Name":"Content-Length","Value":"136599"},{"Name":"Content-Type","Value":"image/jpeg"},{"Name":"ETag","Value":"\"EEdWBMCbPCnPDP36LM6jtSc2MQD/gQbYH0ZX65zfIS8=\""},{"Name":"Last-Modified","Value":"Mon, 02 Feb 2026 03:33:58 GMT"}],"EndpointProperties":[{"Name":"integrity","Value":"sha256-EEdWBMCbPCnPDP36LM6jtSc2MQD/gQbYH0ZX65zfIS8="}]},{"Route":"uploads/categories/399e4b61-a22e-41ba-9679-ca709346995e.oans8bkkld.jpg","AssetFile":"uploads/categories/399e4b61-a22e-41ba-9679-ca709346995e.jpg","Selectors":[],"ResponseHeaders":[{"Name":"Cache-Control","Value":"max-age=31536000, immutable"},{"Name":"Content-Length","Value":"136599"},{"Name":"Content-Type","Value":"image/jpeg"},{"Name":"ETag","Value":"\"EEdWBMCbPCnPDP36LM6jtSc2MQD/gQbYH0ZX65zfIS8=\""},{"Name":"Last-Modified","Value":"Mon, 02 Feb 2026 03:33:58 GMT"}],"EndpointProperties":[{"Name":"fingerprint","Value":"oans8bkkld"},{"Name":"integrity","Value":"sha256-EEdWBMCbPCnPDP36LM6jtSc2MQD/gQbYH0ZX65zfIS8="},{"Name":"label","Value":"uploads/categories/399e4b61-a22e-41ba-9679-ca709346995e.jpg"}]},{"Route":"uploads/categories/3a02681e-6903-4a3d-9dc1-efb306e839d4.jpg","AssetFile":"uploads/categories/3a02681e-6903-4a3d-9dc1-efb306e839d4.jpg","Selectors":[],"ResponseHeaders":[{"Name":"Cache-Control","Value":"max-age=3600, must-revalidate"},{"Name":"Content-Length","Value":"136599"},{"Name":"Content-Type","Value":"image/jpeg"},{"Name":"ETag","Value":"\"EEdWBMCbPCnPDP36LM6jtSc2MQD/gQbYH0ZX65zfIS8=\""},{"Name":"Last-Modified","Value":"Sat, 14 Feb 2026 18:45:35 GMT"}],"EndpointProperties":[{"Name":"integrity","Value":"sha256-EEdWBMCbPCnPDP36LM6jtSc2MQD/gQbYH0ZX65zfIS8="}]},{"Route":"uploads/categories/3a02681e-6903-4a3d-9dc1-efb306e839d4.oans8bkkld.jpg","AssetFile":"uploads/categories/3a02681e-6903-4a3d-9dc1-efb306e839d4.jpg","Selectors":[],"ResponseHeaders":[{"Name":"Cache-Control","Value":"max-age=31536000, immutable"},{"Name":"Content-Length","Value":"136599"},{"Name":"Content-Type","Value":"image/jpeg"},{"Name":"ETag","Value":"\"EEdWBMCbPCnPDP36LM6jtSc2MQD/gQbYH0ZX65zfIS8=\""},{"Name":"Last-Modified","Value":"Sat, 14 Feb 2026 18:45:35 GMT"}],"EndpointProperties":[{"Name":"fingerprint","Value":"oans8bkkld"},{"Name":"integrity","Value":"sha256-EEdWBMCbPCnPDP36LM6jtSc2MQD/gQbYH0ZX65zfIS8="},{"Name":"label","Value":"uploads/categories/3a02681e-6903-4a3d-9dc1-efb306e839d4.jpg"}]},{"Route":"uploads/categories/3f3b5dc0-d1d6-4824-8b50-02286703e206.dpplmx1f3z.jpg","AssetFile":"uploads/categories/3f3b5dc0-d1d6-4824-8b50-02286703e206.jpg","Selectors":[],"ResponseHeaders":[{"Name":"Cache-Control","Value":"max-age=31536000, immutable"},{"Name":"Content-Length","Value":"3595257"},{"Name":"Content-Type","Value":"image/jpeg"},{"Name":"ETag","Value":"\"n8AZ+n8C6QSax0oS+1vdq4286xcoGU9ykeVEW2umHpg=\""},{"Name":"Last-Modified","Value":"Mon, 02 Feb 2026 03:34:12 GMT"}],"EndpointProperties":[{"Name":"fingerprint","Value":"dpplmx1f3z"},{"Name":"integrity","Value":"sha256-n8AZ+n8C6QSax0oS+1vdq4286xcoGU9ykeVEW2umHpg="},{"Name":"label","Value":"uploads/categories/3f3b5dc0-d1d6-4824-8b50-02286703e206.jpg"}]},{"Route":"uploads/categories/3f3b5dc0-d1d6-4824-8b50-02286703e206.jpg","AssetFile":"uploads/categories/3f3b5dc0-d1d6-4824-8b50-02286703e206.jpg","Selectors":[],"ResponseHeaders":[{"Name":"Cache-Control","Value":"max-age=3600, must-revalidate"},{"Name":"Content-Length","Value":"3595257"},{"Name":"Content-Type","Value":"image/jpeg"},{"Name":"ETag","Value":"\"n8AZ+n8C6QSax0oS+1vdq4286xcoGU9ykeVEW2umHpg=\""},{"Name":"Last-Modified","Value":"Mon, 02 Feb 2026 03:34:12 GMT"}],"EndpointProperties":[{"Name":"integrity","Value":"sha256-n8AZ+n8C6QSax0oS+1vdq4286xcoGU9ykeVEW2umHpg="}]},{"Route":"uploads/categories/4c592671-d97e-4131-b04d-81be05a8e96f.5kk3ztzspi.jpg","AssetFile":"uploads/categories/4c592671-d97e-4131-b04d-81be05a8e96f.jpg","Selectors":[],"ResponseHeaders":[{"Name":"Cache-Control","Value":"max-age=31536000, immutable"},{"Name":"Content-Length","Value":"3207511"},{"Name":"Content-Type","Value":"image/jpeg"},{"Name":"ETag","Value":"\"K664G3iv5oOCq6Th1tMLpgfjBF/8+9LT392bdnc36Ds=\""},{"Name":"Last-Modified","Value":"Fri, 30 Jan 2026 16:27:58 GMT"}],"EndpointProperties":[{"Name":"fingerprint","Value":"5kk3ztzspi"},{"Name":"integrity","Value":"sha256-K664G3iv5oOCq6Th1tMLpgfjBF/8+9LT392bdnc36Ds="},{"Name":"label","Value":"uploads/categories/4c592671-d97e-4131-b04d-81be05a8e96f.jpg"}]},{"Route":"uploads/categories/4c592671-d97e-4131-b04d-81be05a8e96f.jpg","AssetFile":"uploads/categories/4c592671-d97e-4131-b04d-81be05a8e96f.jpg","Selectors":[],"ResponseHeaders":[{"Name":"Cache-Control","Value":"max-age=3600, must-revalidate"},{"Name":"Content-Length","Value":"3207511"},{"Name":"Content-Type","Value":"image/jpeg"},{"Name":"ETag","Value":"\"K664G3iv5oOCq6Th1tMLpgfjBF/8+9LT392bdnc36Ds=\""},{"Name":"Last-Modified","Value":"Fri, 30 Jan 2026 16:27:58 GMT"}],"EndpointProperties":[{"Name":"integrity","Value":"sha256-K664G3iv5oOCq6Th1tMLpgfjBF/8+9LT392bdnc36Ds="}]},{"Route":"uploads/categories/590ae41b-bba9-4ce6-b3f2-16cd5eaba341.7ubbhwbkm2.jpg","AssetFile":"uploads/categories/590ae41b-bba9-4ce6-b3f2-16cd5eaba341.jpg","Selectors":[],"ResponseHeaders":[{"Name":"Cache-Control","Value":"max-age=31536000, immutable"},{"Name":"Content-Length","Value":"372093"},{"Name":"Content-Type","Value":"image/jpeg"},{"Name":"ETag","Value":"\"UQ7v0pQ7LJfgETMEC7BkF6LTlrFHCUPo+NqsQ2/L3P4=\""},{"Name":"Last-Modified","Value":"Sat, 14 Feb 2026 18:45:22 GMT"}],"EndpointProperties":[{"Name":"fingerprint","Value":"7ubbhwbkm2"},{"Name":"integrity","Value":"sha256-UQ7v0pQ7LJfgETMEC7BkF6LTlrFHCUPo+NqsQ2/L3P4="},{"Name":"label","Value":"uploads/categories/590ae41b-bba9-4ce6-b3f2-16cd5eaba341.jpg"}]},{"Route":"uploads/categories/590ae41b-bba9-4ce6-b3f2-16cd5eaba341.jpg","AssetFile":"uploads/categories/590ae41b-bba9-4ce6-b3f2-16cd5eaba341.jpg","Selectors":[],"ResponseHeaders":[{"Name":"Cache-Control","Value":"max-age=3600, must-revalidate"},{"Name":"Content-Length","Value":"372093"},{"Name":"Content-Type","Value":"image/jpeg"},{"Name":"ETag","Value":"\"UQ7v0pQ7LJfgETMEC7BkF6LTlrFHCUPo+NqsQ2/L3P4=\""},{"Name":"Last-Modified","Value":"Sat, 14 Feb 2026 18:45:22 GMT"}],"EndpointProperties":[{"Name":"integrity","Value":"sha256-UQ7v0pQ7LJfgETMEC7BkF6LTlrFHCUPo+NqsQ2/L3P4="}]},{"Route":"uploads/categories/6036a48e-4fef-4b6f-aaa3-3d977803d64c.jpg","AssetFile":"uploads/categories/6036a48e-4fef-4b6f-aaa3-3d977803d64c.jpg","Selectors":[],"ResponseHeaders":[{"Name":"Cache-Control","Value":"max-age=3600, must-revalidate"},{"Name":"Content-Length","Value":"136599"},{"Name":"Content-Type","Value":"image/jpeg"},{"Name":"ETag","Value":"\"EEdWBMCbPCnPDP36LM6jtSc2MQD/gQbYH0ZX65zfIS8=\""},{"Name":"Last-Modified","Value":"Sun, 01 Feb 2026 03:45:03 GMT"}],"EndpointProperties":[{"Name":"integrity","Value":"sha256-EEdWBMCbPCnPDP36LM6jtSc2MQD/gQbYH0ZX65zfIS8="}]},{"Route":"uploads/categories/6036a48e-4fef-4b6f-aaa3-3d977803d64c.oans8bkkld.jpg","AssetFile":"uploads/categories/6036a48e-4fef-4b6f-aaa3-3d977803d64c.jpg","Selectors":[],"ResponseHeaders":[{"Name":"Cache-Control","Value":"max-age=31536000, immutable"},{"Name":"Content-Length","Value":"136599"},{"Name":"Content-Type","Value":"image/jpeg"},{"Name":"ETag","Value":"\"EEdWBMCbPCnPDP36LM6jtSc2MQD/gQbYH0ZX65zfIS8=\""},{"Name":"Last-Modified","Value":"Sun, 01 Feb 2026 03:45:03 GMT"}],"EndpointProperties":[{"Name":"fingerprint","Value":"oans8bkkld"},{"Name":"integrity","Value":"sha256-EEdWBMCbPCnPDP36LM6jtSc2MQD/gQbYH0ZX65zfIS8="},{"Name":"label","Value":"uploads/categories/6036a48e-4fef-4b6f-aaa3-3d977803d64c.jpg"}]},{"Route":"uploads/categories/6238f1cf-2c06-4b3b-a1f4-255bb02fe394.5kk3ztzspi.jpg","AssetFile":"uploads/categories/6238f1cf-2c06-4b3b-a1f4-255bb02fe394.jpg","Selectors":[],"ResponseHeaders":[{"Name":"Cache-Control","Value":"max-age=31536000, immutable"},{"Name":"Content-Length","Value":"3207511"},{"Name":"Content-Type","Value":"image/jpeg"},{"Name":"ETag","Value":"\"K664G3iv5oOCq6Th1tMLpgfjBF/8+9LT392bdnc36Ds=\""},{"Name":"Last-Modified","Value":"Sat, 31 Jan 2026 15:09:35 GMT"}],"EndpointProperties":[{"Name":"fingerprint","Value":"5kk3ztzspi"},{"Name":"integrity","Value":"sha256-K664G3iv5oOCq6Th1tMLpgfjBF/8+9LT392bdnc36Ds="},{"Name":"label","Value":"uploads/categories/6238f1cf-2c06-4b3b-a1f4-255bb02fe394.jpg"}]},{"Route":"uploads/categories/6238f1cf-2c06-4b3b-a1f4-255bb02fe394.jpg","AssetFile":"uploads/categories/6238f1cf-2c06-4b3b-a1f4-255bb02fe394.jpg","Selectors":[],"ResponseHeaders":[{"Name":"Cache-Control","Value":"max-age=3600, must-revalidate"},{"Name":"Content-Length","Value":"3207511"},{"Name":"Content-Type","Value":"image/jpeg"},{"Name":"ETag","Value":"\"K664G3iv5oOCq6Th1tMLpgfjBF/8+9LT392bdnc36Ds=\""},{"Name":"Last-Modified","Value":"Sat, 31 Jan 2026 15:09:35 GMT"}],"EndpointProperties":[{"Name":"integrity","Value":"sha256-K664G3iv5oOCq6Th1tMLpgfjBF/8+9LT392bdnc36Ds="}]},{"Route":"uploads/categories/62b8e1b8-0920-40b6-8f81-98962c17f793.5kk3ztzspi.jpg","AssetFile":"uploads/categories/62b8e1b8-0920-40b6-8f81-98962c17f793.jpg","Selectors":[],"ResponseHeaders":[{"Name":"Cache-Control","Value":"max-age=31536000, immutable"},{"Name":"Content-Length","Value":"3207511"},{"Name":"Content-Type","Value":"image/jpeg"},{"Name":"ETag","Value":"\"K664G3iv5oOCq6Th1tMLpgfjBF/8+9LT392bdnc36Ds=\""},{"Name":"Last-Modified","Value":"Sat, 31 Jan 2026 14:48:33 GMT"}],"EndpointProperties":[{"Name":"fingerprint","Value":"5kk3ztzspi"},{"Name":"integrity","Value":"sha256-K664G3iv5oOCq6Th1tMLpgfjBF/8+9LT392bdnc36Ds="},{"Name":"label","Value":"uploads/categories/62b8e1b8-0920-40b6-8f81-98962c17f793.jpg"}]},{"Route":"uploads/categories/62b8e1b8-0920-40b6-8f81-98962c17f793.jpg","AssetFile":"uploads/categories/62b8e1b8-0920-40b6-8f81-98962c17f793.jpg","Selectors":[],"ResponseHeaders":[{"Name":"Cache-Control","Value":"max-age=3600, must-revalidate"},{"Name":"Content-Length","Value":"3207511"},{"Name":"Content-Type","Value":"image/jpeg"},{"Name":"ETag","Value":"\"K664G3iv5oOCq6Th1tMLpgfjBF/8+9LT392bdnc36Ds=\""},{"Name":"Last-Modified","Value":"Sat, 31 Jan 2026 14:48:33 GMT"}],"EndpointProperties":[{"Name":"integrity","Value":"sha256-K664G3iv5oOCq6Th1tMLpgfjBF/8+9LT392bdnc36Ds="}]},{"Route":"uploads/categories/8fa69a9d-da9f-439e-aa90-5b6c34f19818.nbkqk07vc0.png","AssetFile":"uploads/categories/8fa69a9d-da9f-439e-aa90-5b6c34f19818.png","Selectors":[],"ResponseHeaders":[{"Name":"Cache-Control","Value":"max-age=31536000, immutable"},{"Name":"Content-Length","Value":"18698"},{"Name":"Content-Type","Value":"image/png"},{"Name":"ETag","Value":"\"Y62CyBX7tRw+HNswEIvhHmebvYOPvV8243zCPJLN47g=\""},{"Name":"Last-Modified","Value":"Sun, 15 Feb 2026 18:06:38 GMT"}],"EndpointProperties":[{"Name":"fingerprint","Value":"nbkqk07vc0"},{"Name":"integrity","Value":"sha256-Y62CyBX7tRw+HNswEIvhHmebvYOPvV8243zCPJLN47g="},{"Name":"label","Value":"uploads/categories/8fa69a9d-da9f-439e-aa90-5b6c34f19818.png"}]},{"Route":"uploads/categories/8fa69a9d-da9f-439e-aa90-5b6c34f19818.png","AssetFile":"uploads/categories/8fa69a9d-da9f-439e-aa90-5b6c34f19818.png","Selectors":[],"ResponseHeaders":[{"Name":"Cache-Control","Value":"max-age=3600, must-revalidate"},{"Name":"Content-Length","Value":"18698"},{"Name":"Content-Type","Value":"image/png"},{"Name":"ETag","Value":"\"Y62CyBX7tRw+HNswEIvhHmebvYOPvV8243zCPJLN47g=\""},{"Name":"Last-Modified","Value":"Sun, 15 Feb 2026 18:06:38 GMT"}],"EndpointProperties":[{"Name":"integrity","Value":"sha256-Y62CyBX7tRw+HNswEIvhHmebvYOPvV8243zCPJLN47g="}]},{"Route":"uploads/categories/a114ce8e-2ff5-4244-ad37-8b830da41568.dpplmx1f3z.jpg","AssetFile":"uploads/categories/a114ce8e-2ff5-4244-ad37-8b830da41568.jpg","Selectors":[],"ResponseHeaders":[{"Name":"Cache-Control","Value":"max-age=31536000, immutable"},{"Name":"Content-Length","Value":"3595257"},{"Name":"Content-Type","Value":"image/jpeg"},{"Name":"ETag","Value":"\"n8AZ+n8C6QSax0oS+1vdq4286xcoGU9ykeVEW2umHpg=\""},{"Name":"Last-Modified","Value":"Fri, 30 Jan 2026 16:39:16 GMT"}],"EndpointProperties":[{"Name":"fingerprint","Value":"dpplmx1f3z"},{"Name":"integrity","Value":"sha256-n8AZ+n8C6QSax0oS+1vdq4286xcoGU9ykeVEW2umHpg="},{"Name":"label","Value":"uploads/categories/a114ce8e-2ff5-4244-ad37-8b830da41568.jpg"}]},{"Route":"uploads/categories/a114ce8e-2ff5-4244-ad37-8b830da41568.jpg","AssetFile":"uploads/categories/a114ce8e-2ff5-4244-ad37-8b830da41568.jpg","Selectors":[],"ResponseHeaders":[{"Name":"Cache-Control","Value":"max-age=3600, must-revalidate"},{"Name":"Content-Length","Value":"3595257"},{"Name":"Content-Type","Value":"image/jpeg"},{"Name":"ETag","Value":"\"n8AZ+n8C6QSax0oS+1vdq4286xcoGU9ykeVEW2umHpg=\""},{"Name":"Last-Modified","Value":"Fri, 30 Jan 2026 16:39:16 GMT"}],"EndpointProperties":[{"Name":"integrity","Value":"sha256-n8AZ+n8C6QSax0oS+1vdq4286xcoGU9ykeVEW2umHpg="}]},{"Route":"uploads/categories/c9753167-e64a-4751-8789-e6e32308a040.j49kd09lvk.jpg","AssetFile":"uploads/categories/c9753167-e64a-4751-8789-e6e32308a040.jpg","Selectors":[],"ResponseHeaders":[{"Name":"Cache-Control","Value":"max-age=31536000, immutable"},{"Name":"Content-Length","Value":"83735"},{"Name":"Content-Type","Value":"image/jpeg"},{"Name":"ETag","Value":"\"M2hd61BfswA9R4XWDbYKwsUWWdsjkUalHxZ2ql6OKSI=\""},{"Name":"Last-Modified","Value":"Sun, 15 Feb 2026 19:16:07 GMT"}],"EndpointProperties":[{"Name":"fingerprint","Value":"j49kd09lvk"},{"Name":"integrity","Value":"sha256-M2hd61BfswA9R4XWDbYKwsUWWdsjkUalHxZ2ql6OKSI="},{"Name":"label","Value":"uploads/categories/c9753167-e64a-4751-8789-e6e32308a040.jpg"}]},{"Route":"uploads/categories/c9753167-e64a-4751-8789-e6e32308a040.jpg","AssetFile":"uploads/categories/c9753167-e64a-4751-8789-e6e32308a040.jpg","Selectors":[],"ResponseHeaders":[{"Name":"Cache-Control","Value":"max-age=3600, must-revalidate"},{"Name":"Content-Length","Value":"83735"},{"Name":"Content-Type","Value":"image/jpeg"},{"Name":"ETag","Value":"\"M2hd61BfswA9R4XWDbYKwsUWWdsjkUalHxZ2ql6OKSI=\""},{"Name":"Last-Modified","Value":"Sun, 15 Feb 2026 19:16:07 GMT"}],"EndpointProperties":[{"Name":"integrity","Value":"sha256-M2hd61BfswA9R4XWDbYKwsUWWdsjkUalHxZ2ql6OKSI="}]},{"Route":"uploads/categories/cbea48cc-55d2-4a2e-84c2-5500fe73fbf5.9asy09jibw.jpeg","AssetFile":"uploads/categories/cbea48cc-55d2-4a2e-84c2-5500fe73fbf5.jpeg","Selectors":[],"ResponseHeaders":[{"Name":"Cache-Control","Value":"max-age=31536000, immutable"},{"Name":"Content-Length","Value":"222541"},{"Name":"Content-Type","Value":"image/jpeg"},{"Name":"ETag","Value":"\"sTdSdEQhw0gho5vdslHkoy8QZ23QEVhnyFBRs68knN0=\""},{"Name":"Last-Modified","Value":"Sun, 15 Feb 2026 16:58:06 GMT"}],"EndpointProperties":[{"Name":"fingerprint","Value":"9asy09jibw"},{"Name":"integrity","Value":"sha256-sTdSdEQhw0gho5vdslHkoy8QZ23QEVhnyFBRs68knN0="},{"Name":"label","Value":"uploads/categories/cbea48cc-55d2-4a2e-84c2-5500fe73fbf5.jpeg"}]},{"Route":"uploads/categories/cbea48cc-55d2-4a2e-84c2-5500fe73fbf5.jpeg","AssetFile":"uploads/categories/cbea48cc-55d2-4a2e-84c2-5500fe73fbf5.jpeg","Selectors":[],"ResponseHeaders":[{"Name":"Cache-Control","Value":"max-age=3600, must-revalidate"},{"Name":"Content-Length","Value":"222541"},{"Name":"Content-Type","Value":"image/jpeg"},{"Name":"ETag","Value":"\"sTdSdEQhw0gho5vdslHkoy8QZ23QEVhnyFBRs68knN0=\""},{"Name":"Last-Modified","Value":"Sun, 15 Feb 2026 16:58:06 GMT"}],"EndpointProperties":[{"Name":"integrity","Value":"sha256-sTdSdEQhw0gho5vdslHkoy8QZ23QEVhnyFBRs68knN0="}]},{"Route":"uploads/categories/d89e2902-d340-43ed-882f-a7b2134e4f16.5kk3ztzspi.jpg","AssetFile":"uploads/categories/d89e2902-d340-43ed-882f-a7b2134e4f16.jpg","Selectors":[],"ResponseHeaders":[{"Name":"Cache-Control","Value":"max-age=31536000, immutable"},{"Name":"Content-Length","Value":"3207511"},{"Name":"Content-Type","Value":"image/jpeg"},{"Name":"ETag","Value":"\"K664G3iv5oOCq6Th1tMLpgfjBF/8+9LT392bdnc36Ds=\""},{"Name":"Last-Modified","Value":"Fri, 30 Jan 2026 16:28:18 GMT"}],"EndpointProperties":[{"Name":"fingerprint","Value":"5kk3ztzspi"},{"Name":"integrity","Value":"sha256-K664G3iv5oOCq6Th1tMLpgfjBF/8+9LT392bdnc36Ds="},{"Name":"label","Value":"uploads/categories/d89e2902-d340-43ed-882f-a7b2134e4f16.jpg"}]},{"Route":"uploads/categories/d89e2902-d340-43ed-882f-a7b2134e4f16.jpg","AssetFile":"uploads/categories/d89e2902-d340-43ed-882f-a7b2134e4f16.jpg","Selectors":[],"ResponseHeaders":[{"Name":"Cache-Control","Value":"max-age=3600, must-revalidate"},{"Name":"Content-Length","Value":"3207511"},{"Name":"Content-Type","Value":"image/jpeg"},{"Name":"ETag","Value":"\"K664G3iv5oOCq6Th1tMLpgfjBF/8+9LT392bdnc36Ds=\""},{"Name":"Last-Modified","Value":"Fri, 30 Jan 2026 16:28:18 GMT"}],"EndpointProperties":[{"Name":"integrity","Value":"sha256-K664G3iv5oOCq6Th1tMLpgfjBF/8+9LT392bdnc36Ds="}]},{"Route":"uploads/categories/da0c4ba8-e46f-4339-bdea-cce20e4f5321.5kk3ztzspi.jpg","AssetFile":"uploads/categories/da0c4ba8-e46f-4339-bdea-cce20e4f5321.jpg","Selectors":[],"ResponseHeaders":[{"Name":"Cache-Control","Value":"max-age=31536000, immutable"},{"Name":"Content-Length","Value":"3207511"},{"Name":"Content-Type","Value":"image/jpeg"},{"Name":"ETag","Value":"\"K664G3iv5oOCq6Th1tMLpgfjBF/8+9LT392bdnc36Ds=\""},{"Name":"Last-Modified","Value":"Sat, 31 Jan 2026 14:50:04 GMT"}],"EndpointProperties":[{"Name":"fingerprint","Value":"5kk3ztzspi"},{"Name":"integrity","Value":"sha256-K664G3iv5oOCq6Th1tMLpgfjBF/8+9LT392bdnc36Ds="},{"Name":"label","Value":"uploads/categories/da0c4ba8-e46f-4339-bdea-cce20e4f5321.jpg"}]},{"Route":"uploads/categories/da0c4ba8-e46f-4339-bdea-cce20e4f5321.jpg","AssetFile":"uploads/categories/da0c4ba8-e46f-4339-bdea-cce20e4f5321.jpg","Selectors":[],"ResponseHeaders":[{"Name":"Cache-Control","Value":"max-age=3600, must-revalidate"},{"Name":"Content-Length","Value":"3207511"},{"Name":"Content-Type","Value":"image/jpeg"},{"Name":"ETag","Value":"\"K664G3iv5oOCq6Th1tMLpgfjBF/8+9LT392bdnc36Ds=\""},{"Name":"Last-Modified","Value":"Sat, 31 Jan 2026 14:50:04 GMT"}],"EndpointProperties":[{"Name":"integrity","Value":"sha256-K664G3iv5oOCq6Th1tMLpgfjBF/8+9LT392bdnc36Ds="}]},{"Route":"uploads/settings/logo_639056960311938120.a11ph8aoaj.jpg","AssetFile":"uploads/settings/logo_639056960311938120.jpg","Selectors":[],"ResponseHeaders":[{"Name":"Cache-Control","Value":"max-age=31536000, immutable"},{"Name":"Content-Length","Value":"31960"},{"Name":"Content-Type","Value":"image/jpeg"},{"Name":"ETag","Value":"\"fkLd1eyKZhV4Uvrlmc8AJcqztKxG1fhLLGxNe0xeN+M=\""},{"Name":"Last-Modified","Value":"Tue, 03 Feb 2026 06:13:51 GMT"}],"EndpointProperties":[{"Name":"fingerprint","Value":"a11ph8aoaj"},{"Name":"integrity","Value":"sha256-fkLd1eyKZhV4Uvrlmc8AJcqztKxG1fhLLGxNe0xeN+M="},{"Name":"label","Value":"uploads/settings/logo_639056960311938120.jpg"}]},{"Route":"uploads/settings/logo_639056960311938120.jpg","AssetFile":"uploads/settings/logo_639056960311938120.jpg","Selectors":[],"ResponseHeaders":[{"Name":"Cache-Control","Value":"max-age=3600, must-revalidate"},{"Name":"Content-Length","Value":"31960"},{"Name":"Content-Type","Value":"image/jpeg"},{"Name":"ETag","Value":"\"fkLd1eyKZhV4Uvrlmc8AJcqztKxG1fhLLGxNe0xeN+M=\""},{"Name":"Last-Modified","Value":"Tue, 03 Feb 2026 06:13:51 GMT"}],"EndpointProperties":[{"Name":"integrity","Value":"sha256-fkLd1eyKZhV4Uvrlmc8AJcqztKxG1fhLLGxNe0xeN+M="}]},{"Route":"uploads/settings/logo_639056976358895127.k9hpnx1985.png","AssetFile":"uploads/settings/logo_639056976358895127.png","Selectors":[],"ResponseHeaders":[{"Name":"Cache-Control","Value":"max-age=31536000, immutable"},{"Name":"Content-Length","Value":"101042"},{"Name":"Content-Type","Value":"image/png"},{"Name":"ETag","Value":"\"qA5KeMi/oowlB+n7ZoccAhMu7YypP1EuaMDHG6hleZ4=\""},{"Name":"Last-Modified","Value":"Tue, 03 Feb 2026 06:40:35 GMT"}],"EndpointProperties":[{"Name":"fingerprint","Value":"k9hpnx1985"},{"Name":"integrity","Value":"sha256-qA5KeMi/oowlB+n7ZoccAhMu7YypP1EuaMDHG6hleZ4="},{"Name":"label","Value":"uploads/settings/logo_639056976358895127.png"}]},{"Route":"uploads/settings/logo_639056976358895127.png","AssetFile":"uploads/settings/logo_639056976358895127.png","Selectors":[],"ResponseHeaders":[{"Name":"Cache-Control","Value":"max-age=3600, must-revalidate"},{"Name":"Content-Length","Value":"101042"},{"Name":"Content-Type","Value":"image/png"},{"Name":"ETag","Value":"\"qA5KeMi/oowlB+n7ZoccAhMu7YypP1EuaMDHG6hleZ4=\""},{"Name":"Last-Modified","Value":"Tue, 03 Feb 2026 06:40:35 GMT"}],"EndpointProperties":[{"Name":"integrity","Value":"sha256-qA5KeMi/oowlB+n7ZoccAhMu7YypP1EuaMDHG6hleZ4="}]},{"Route":"uploads/settings/logo_639070922637781549.0vy678x49e.jpeg","AssetFile":"uploads/settings/logo_639070922637781549.jpeg","Selectors":[],"ResponseHeaders":[{"Name":"Cache-Control","Value":"max-age=31536000, immutable"},{"Name":"Content-Length","Value":"376878"},{"Name":"Content-Type","Value":"image/jpeg"},{"Name":"ETag","Value":"\"BHNXlvK5Pr/8FqhJFlUpFwI1g3ucdFO8ZItSEQ+HHsg=\""},{"Name":"Last-Modified","Value":"Thu, 19 Feb 2026 10:04:23 GMT"}],"EndpointProperties":[{"Name":"fingerprint","Value":"0vy678x49e"},{"Name":"integrity","Value":"sha256-BHNXlvK5Pr/8FqhJFlUpFwI1g3ucdFO8ZItSEQ+HHsg="},{"Name":"label","Value":"uploads/settings/logo_639070922637781549.jpeg"}]},{"Route":"uploads/settings/logo_639070922637781549.jpeg","AssetFile":"uploads/settings/logo_639070922637781549.jpeg","Selectors":[],"ResponseHeaders":[{"Name":"Cache-Control","Value":"max-age=3600, must-revalidate"},{"Name":"Content-Length","Value":"376878"},{"Name":"Content-Type","Value":"image/jpeg"},{"Name":"ETag","Value":"\"BHNXlvK5Pr/8FqhJFlUpFwI1g3ucdFO8ZItSEQ+HHsg=\""},{"Name":"Last-Modified","Value":"Thu, 19 Feb 2026 10:04:23 GMT"}],"EndpointProperties":[{"Name":"integrity","Value":"sha256-BHNXlvK5Pr/8FqhJFlUpFwI1g3ucdFO8ZItSEQ+HHsg="}]}]}